# stage, id, task_id, link_type, link_id, artifact_type, file_name, target_file
'Before', '1755', '149', 'test_metrics', '215', 'output_set', 'PX3.71_EURCHF_M30_1500_P277_DD268_20220930-20250929_SL400_WR47.92_PF2.09_T48_M1406717436_V1_S194.set', 'PX3.71_EURCHF_M30_1500_P277_DD268_20220930-20250929_SL400_WR47.92_PF2.09_T48_M1406717436_V1_S194'
'Before', '1756', '149', 'test_metrics', '215', 'summary_metrics_csv', 'PX3.71_EURCHF_M30_1500_P277_DD268_20220930-20250929_SL400_WR47.92_PF2.09_T48_M1406717436_V1_S194_summary_metrics.csv', 'PX3.71_EURCHF_M30_1500_P277_DD268_20220930-20250929_SL400_WR47.92_PF2.09_T48_M1406717436_V1_S194'
'Before', '1757', '149', 'test_metrics', '215', 'output_html', 'PX3.71_EURCHF_M30_1500_P277_DD268_20220930-20250929_SL400_WR47.92_PF2.09_T48_M1406717436_V1_S194.htm', 'PX3.71_EURCHF_M30_1500_P277_DD268_20220930-20250929_SL400_WR47.92_PF2.09_T48_M1406717436_V1_S194'
'Before', '1758', '149', 'test_metrics', '215', 'output_gif', 'PX3.71_EURCHF_M30_1500_P277_DD268_20220930-20250929_SL400_WR47.92_PF2.09_T48_M1406717436_V1_S194.gif', 'PX3.71_EURCHF_M30_1500_P277_DD268_20220930-20250929_SL400_WR47.92_PF2.09_T48_M1406717436_V1_S194'
'After', '1755', '149', 'test_metrics', '215', 'output_set', 'PX3.71_EURCHF_M30_1500_P277_DD268_20220930-20250929_SL400_WR47.92_PF2.09_T48_M1406717436_V1_S194.set', 'PX3.71_EURCHF_M30_1500_P277_DD268_20220930-20250929_SL400_WR47.92_PF2.09_T48_M1406717436_V1_S194'
'After', '1756', '149', 'test_metrics', '215', 'summary_metrics_csv', 'PX3.71_EURCHF_M30_1500_P277_DD268_20220930-20250929_SL400_WR47.92_PF2.09_T48_M1406717436_V1_S194_summary_metrics.csv', 'PX3.71_EURCHF_M30_1500_P277_DD268_20220930-20250929_SL400_WR47.92_PF2.09_T48_M1406717436_V1_S194'
'After', '1757', '149', 'test_metrics', '215', 'output_html', 'PX3.71_EURCHF_M30_1500_P277_DD268_20220930-20250929_SL400_WR47.92_PF2.09_T48_M1406717436_V1_S194.htm', 'PX3.71_EURCHF_M30_1500_P277_DD268_20220930-20250929_SL400_WR47.92_PF2.09_T48_M1406717436_V1_S194'
'After', '1758', '149', 'test_metrics', '215', 'output_gif', 'PX3.71_EURCHF_M30_1500_P277_DD268_20220930-20250929_SL400_WR47.92_PF2.09_T48_M1406717436_V1_S194.gif', 'PX3.71_EURCHF_M30_1500_P277_DD268_20220930-20250929_SL400_WR47.92_PF2.09_T48_M1406717436_V1_S194'
'Before', '1754', '149', 'test_metrics', '215', 'input_gif', 'PX3.71_EURCHF_M30_1500_P3095_DD793_20220930-20250929_SL900_WR54.59_PF1.94_T370_M1406717436_V1_S192-AI-Suggest-Opt-61-backtest_report.gif', 'PX3.71_EURCHF_M30_1500_P3095_DD793_20220930-20250929_SL900_WR54.59_PF1.94_T370_M1406717436_V1_S192-AI-Suggest-Opt-61'
'After', '1754', '149', 'test_metrics', '215', 'input_gif', 'PX3.71_EURCHF_M30_1500_P3095_DD793_20220930-20250929_SL900_WR54.59_PF1.94_T370_M1406717436_V1_S192-AI-Suggest-Opt-61-backtest_report.gif', 'PX3.71_EURCHF_M30_1500_P3095_DD793_20220930-20250929_SL900_WR54.59_PF1.94_T370_M1406717436_V1_S192-AI-Suggest-Opt-61'
'Before', '1752', '149', 'test_metrics', '215', 'input_html', 'PX3.71_EURCHF_M30_1500_P3095_DD793_20220930-20250929_SL900_WR54.59_PF1.94_T370_M1406717436_V1_S192-AI-Suggest-Opt-61-backtest_report.htm', 'PX3.71_EURCHF_M30_1500_P3095_DD793_20220930-20250929_SL900_WR54.59_PF1.94_T370_M1406717436_V1_S192-AI-Suggest-Opt-61'
'After', '1752', '149', 'test_metrics', '215', 'input_html', 'PX3.71_EURCHF_M30_1500_P3095_DD793_20220930-20250929_SL900_WR54.59_PF1.94_T370_M1406717436_V1_S192-AI-Suggest-Opt-61-backtest_report.htm', 'PX3.71_EURCHF_M30_1500_P3095_DD793_20220930-20250929_SL900_WR54.59_PF1.94_T370_M1406717436_V1_S192-AI-Suggest-Opt-61'
'Before', '1753', '149', 'test_metrics', '215', 'input_set', 'PX3.71_EURCHF_M30_1500_P3095_DD793_20220930-20250929_SL900_WR54.59_PF1.94_T370_M1406717436_V1_S192-AI-Suggest-Opt-61.set', 'PX3.71_EURCHF_M30_1500_P3095_DD793_20220930-20250929_SL900_WR54.59_PF1.94_T370_M1406717436_V1_S192-AI-Suggest-Opt-61'
'After', '1753', '149', 'test_metrics', '215', 'input_set', 'PX3.71_EURCHF_M30_1500_P3095_DD793_20220930-20250929_SL900_WR54.59_PF1.94_T370_M1406717436_V1_S192-AI-Suggest-Opt-61.set', 'PX3.71_EURCHF_M30_1500_P3095_DD793_20220930-20250929_SL900_WR54.59_PF1.94_T370_M1406717436_V1_S192-AI-Suggest-Opt-61'
'Before', '1759', '149', NULL, NULL, 'Best Pass set_file', 'PX3.71_EURCHF_M30_1500_P3095_DD793_20220930-20250929_SL900_WR54.59_PF1.94_T370_M1406717436_V1_S192-AI-Suggest-Opt-61.set', 'PX3.71_EURCHF_M30_1500_P3095_DD793_20220930-20250929_SL900_WR54.59_PF1.94_T370_M1406717436_V1_S192-AI-Suggest-Opt-61.set'
'After', '1759', '149', 'test_metrics', '215', 'Best Pass set_file', 'PX3.71_EURCHF_M30_1500_P3095_DD793_20220930-20250929_SL900_WR54.59_PF1.94_T370_M1406717436_V1_S192-AI-Suggest-Opt-61.set', 'PX3.71_EURCHF_M30_1500_P3095_DD793_20220930-20250929_SL900_WR54.59_PF1.94_T370_M1406717436_V1_S192-AI-Suggest-Opt-61.set'
'Before', '1747', '149', 'test_metrics', '214', 'output_set', 'PX3.71_EURCHF_M30_1500_P192_DD138_20220930-20250929_SL200_WR51.72_PF2.21_T29_M1406717436_V1_S193.set', 'PX3.71_EURCHF_M30_1500_P192_DD138_20220930-20250929_SL200_WR51.72_PF2.21_T29_M1406717436_V1_S193'
'Before', '1748', '149', 'test_metrics', '214', 'summary_metrics_csv', 'PX3.71_EURCHF_M30_1500_P192_DD138_20220930-20250929_SL200_WR51.72_PF2.21_T29_M1406717436_V1_S193_summary_metrics.csv', 'PX3.71_EURCHF_M30_1500_P192_DD138_20220930-20250929_SL200_WR51.72_PF2.21_T29_M1406717436_V1_S193'
'Before', '1749', '149', 'test_metrics', '214', 'output_html', 'PX3.71_EURCHF_M30_1500_P192_DD138_20220930-20250929_SL200_WR51.72_PF2.21_T29_M1406717436_V1_S193.htm', 'PX3.71_EURCHF_M30_1500_P192_DD138_20220930-20250929_SL200_WR51.72_PF2.21_T29_M1406717436_V1_S193'
'Before', '1750', '149', 'test_metrics', '214', 'output_gif', 'PX3.71_EURCHF_M30_1500_P192_DD138_20220930-20250929_SL200_WR51.72_PF2.21_T29_M1406717436_V1_S193.gif', 'PX3.71_EURCHF_M30_1500_P192_DD138_20220930-20250929_SL200_WR51.72_PF2.21_T29_M1406717436_V1_S193'
'After', '1747', '149', 'test_metrics', '214', 'output_set', 'PX3.71_EURCHF_M30_1500_P192_DD138_20220930-20250929_SL200_WR51.72_PF2.21_T29_M1406717436_V1_S193.set', 'PX3.71_EURCHF_M30_1500_P192_DD138_20220930-20250929_SL200_WR51.72_PF2.21_T29_M1406717436_V1_S193'
'After', '1748', '149', 'test_metrics', '214', 'summary_metrics_csv', 'PX3.71_EURCHF_M30_1500_P192_DD138_20220930-20250929_SL200_WR51.72_PF2.21_T29_M1406717436_V1_S193_summary_metrics.csv', 'PX3.71_EURCHF_M30_1500_P192_DD138_20220930-20250929_SL200_WR51.72_PF2.21_T29_M1406717436_V1_S193'
'After', '1749', '149', 'test_metrics', '214', 'output_html', 'PX3.71_EURCHF_M30_1500_P192_DD138_20220930-20250929_SL200_WR51.72_PF2.21_T29_M1406717436_V1_S193.htm', 'PX3.71_EURCHF_M30_1500_P192_DD138_20220930-20250929_SL200_WR51.72_PF2.21_T29_M1406717436_V1_S193'
'After', '1750', '149', 'test_metrics', '214', 'output_gif', 'PX3.71_EURCHF_M30_1500_P192_DD138_20220930-20250929_SL200_WR51.72_PF2.21_T29_M1406717436_V1_S193.gif', 'PX3.71_EURCHF_M30_1500_P192_DD138_20220930-20250929_SL200_WR51.72_PF2.21_T29_M1406717436_V1_S193'
'Before', '1746', '149', 'test_metrics', '214', 'input_gif', 'PX3.71_EURCHF_M30_1500_P3095_DD793_20220930-20250929_SL900_WR54.59_PF1.94_T370_M1406717436_V1_S192-AI-Suggest-Opt-6-backtest_report.gif', 'PX3.71_EURCHF_M30_1500_P3095_DD793_20220930-20250929_SL900_WR54.59_PF1.94_T370_M1406717436_V1_S192-AI-Suggest-Opt-6'
'After', '1746', '149', 'test_metrics', '214', 'input_gif', 'PX3.71_EURCHF_M30_1500_P3095_DD793_20220930-20250929_SL900_WR54.59_PF1.94_T370_M1406717436_V1_S192-AI-Suggest-Opt-6-backtest_report.gif', 'PX3.71_EURCHF_M30_1500_P3095_DD793_20220930-20250929_SL900_WR54.59_PF1.94_T370_M1406717436_V1_S192-AI-Suggest-Opt-6'
'Before', '1744', '149', 'test_metrics', '214', 'input_html', 'PX3.71_EURCHF_M30_1500_P3095_DD793_20220930-20250929_SL900_WR54.59_PF1.94_T370_M1406717436_V1_S192-AI-Suggest-Opt-6-backtest_report.htm', 'PX3.71_EURCHF_M30_1500_P3095_DD793_20220930-20250929_SL900_WR54.59_PF1.94_T370_M1406717436_V1_S192-AI-Suggest-Opt-6'
'After', '1744', '149', 'test_metrics', '214', 'input_html', 'PX3.71_EURCHF_M30_1500_P3095_DD793_20220930-20250929_SL900_WR54.59_PF1.94_T370_M1406717436_V1_S192-AI-Suggest-Opt-6-backtest_report.htm', 'PX3.71_EURCHF_M30_1500_P3095_DD793_20220930-20250929_SL900_WR54.59_PF1.94_T370_M1406717436_V1_S192-AI-Suggest-Opt-6'
'Before', '1745', '149', 'test_metrics', '214', 'input_set', 'PX3.71_EURCHF_M30_1500_P3095_DD793_20220930-20250929_SL900_WR54.59_PF1.94_T370_M1406717436_V1_S192-AI-Suggest-Opt-6.set', 'PX3.71_EURCHF_M30_1500_P3095_DD793_20220930-20250929_SL900_WR54.59_PF1.94_T370_M1406717436_V1_S192-AI-Suggest-Opt-6'
'After', '1745', '149', 'test_metrics', '214', 'input_set', 'PX3.71_EURCHF_M30_1500_P3095_DD793_20220930-20250929_SL900_WR54.59_PF1.94_T370_M1406717436_V1_S192-AI-Suggest-Opt-6.set', 'PX3.71_EURCHF_M30_1500_P3095_DD793_20220930-20250929_SL900_WR54.59_PF1.94_T370_M1406717436_V1_S192-AI-Suggest-Opt-6'
'Before', '1751', '149', NULL, NULL, 'Best Pass set_file', 'PX3.71_EURCHF_M30_1500_P3095_DD793_20220930-20250929_SL900_WR54.59_PF1.94_T370_M1406717436_V1_S192-AI-Suggest-Opt-6.set', 'PX3.71_EURCHF_M30_1500_P3095_DD793_20220930-20250929_SL900_WR54.59_PF1.94_T370_M1406717436_V1_S192-AI-Suggest-Opt-6.set'
'After', '1751', '149', 'test_metrics', '214', 'Best Pass set_file', 'PX3.71_EURCHF_M30_1500_P3095_DD793_20220930-20250929_SL900_WR54.59_PF1.94_T370_M1406717436_V1_S192-AI-Suggest-Opt-6.set', 'PX3.71_EURCHF_M30_1500_P3095_DD793_20220930-20250929_SL900_WR54.59_PF1.94_T370_M1406717436_V1_S192-AI-Suggest-Opt-6.set'
'Before', '1734', '149', 'test_metrics', '213', 'output_set', 'PX3.71_EURCHF_M30_1500_P3095_DD793_20220930-20250929_SL900_WR54.59_PF1.94_T370_M1406717436_V1_S192.set', 'PX3.71_EURCHF_M30_1500_P3095_DD793_20220930-20250929_SL900_WR54.59_PF1.94_T370_M1406717436_V1_S192'
'Before', '1735', '149', 'test_metrics', '213', 'summary_metrics_csv', 'PX3.71_EURCHF_M30_1500_P3095_DD793_20220930-20250929_SL900_WR54.59_PF1.94_T370_M1406717436_V1_S192_summary_metrics.csv', 'PX3.71_EURCHF_M30_1500_P3095_DD793_20220930-20250929_SL900_WR54.59_PF1.94_T370_M1406717436_V1_S192'
'Before', '1736', '149', 'test_metrics', '213', 'output_html', 'PX3.71_EURCHF_M30_1500_P3095_DD793_20220930-20250929_SL900_WR54.59_PF1.94_T370_M1406717436_V1_S192.htm', 'PX3.71_EURCHF_M30_1500_P3095_DD793_20220930-20250929_SL900_WR54.59_PF1.94_T370_M1406717436_V1_S192'
'Before', '1737', '149', 'test_metrics', '213', 'output_gif', 'PX3.71_EURCHF_M30_1500_P3095_DD793_20220930-20250929_SL900_WR54.59_PF1.94_T370_M1406717436_V1_S192.gif', 'PX3.71_EURCHF_M30_1500_P3095_DD793_20220930-20250929_SL900_WR54.59_PF1.94_T370_M1406717436_V1_S192'
'Before', '1738', '149', 'test_metrics', '213', 'ai_set', 'PX3.71_EURCHF_M30_1500_P3095_DD793_20220930-20250929_SL900_WR54.59_PF1.94_T370_M1406717436_V1_S192-AI-Suggest-Opt.set', 'PX3.71_EURCHF_M30_1500_P3095_DD793_20220930-20250929_SL900_WR54.59_PF1.94_T370_M1406717436_V1_S192'
'Before', '1739', '149', 'test_metrics', '213', 'ai_json', 'PX3.71_EURCHF_M30_1500_P3095_DD793_20220930-20250929_SL900_WR54.59_PF1.94_T370_M1406717436_V1_S192-AI-Suggestion.json', 'PX3.71_EURCHF_M30_1500_P3095_DD793_20220930-20250929_SL900_WR54.59_PF1.94_T370_M1406717436_V1_S192'
'Before', '1740', '149', 'test_metrics', '213', 'ai_prompt', 'PX3.71_EURCHF_M30_1500_P3095_DD793_20220930-20250929_SL900_WR54.59_PF1.94_T370_M1406717436_V1_S192-AI-Suggestion.prompt.txt', 'PX3.71_EURCHF_M30_1500_P3095_DD793_20220930-20250929_SL900_WR54.59_PF1.94_T370_M1406717436_V1_S192'
'Before', '1741', '149', NULL, NULL, 'Optimzation set_file', 'PX3.71_EURCHF_M30_1500_P3095_DD793_20220930-20250929_SL900_WR54.59_PF1.94_T370_M1406717436_V1_S192-AI-Suggest-Opt.set', 'PX3.71_EURCHF_M30_1500_P3095_DD793_20220930-20250929_SL900_WR54.59_PF1.94_T370_M1406717436_V1_S192'
'Before', '1742', '149', 'optimization_reports', '49', 'optimization_report', 'PX3.71_EURCHF_M30_1500_P3095_DD793_20220930-20250929_SL900_WR54.59_PF1.94_T370_M1406717436_V1_S192-AI-Suggest-Opt-OptimizationReport.htm', 'PX3.71_EURCHF_M30_1500_P3095_DD793_20220930-20250929_SL900_WR54.59_PF1.94_T370_M1406717436_V1_S192'
'Before', '1743', '149', 'optimization_reports', '49', 'optimization_report_gif', 'PX3.71_EURCHF_M30_1500_P3095_DD793_20220930-20250929_SL900_WR54.59_PF1.94_T370_M1406717436_V1_S192-AI-Suggest-Opt-OptimizationReport.gif', 'PX3.71_EURCHF_M30_1500_P3095_DD793_20220930-20250929_SL900_WR54.59_PF1.94_T370_M1406717436_V1_S192'
'After', '1734', '149', 'test_metrics', '213', 'output_set', 'PX3.71_EURCHF_M30_1500_P3095_DD793_20220930-20250929_SL900_WR54.59_PF1.94_T370_M1406717436_V1_S192.set', 'PX3.71_EURCHF_M30_1500_P3095_DD793_20220930-20250929_SL900_WR54.59_PF1.94_T370_M1406717436_V1_S192'
'After', '1735', '149', 'test_metrics', '213', 'summary_metrics_csv', 'PX3.71_EURCHF_M30_1500_P3095_DD793_20220930-20250929_SL900_WR54.59_PF1.94_T370_M1406717436_V1_S192_summary_metrics.csv', 'PX3.71_EURCHF_M30_1500_P3095_DD793_20220930-20250929_SL900_WR54.59_PF1.94_T370_M1406717436_V1_S192'
'After', '1736', '149', 'test_metrics', '213', 'output_html', 'PX3.71_EURCHF_M30_1500_P3095_DD793_20220930-20250929_SL900_WR54.59_PF1.94_T370_M1406717436_V1_S192.htm', 'PX3.71_EURCHF_M30_1500_P3095_DD793_20220930-20250929_SL900_WR54.59_PF1.94_T370_M1406717436_V1_S192'
'After', '1737', '149', 'test_metrics', '213', 'output_gif', 'PX3.71_EURCHF_M30_1500_P3095_DD793_20220930-20250929_SL900_WR54.59_PF1.94_T370_M1406717436_V1_S192.gif', 'PX3.71_EURCHF_M30_1500_P3095_DD793_20220930-20250929_SL900_WR54.59_PF1.94_T370_M1406717436_V1_S192'
'After', '1738', '149', 'test_metrics', '213', 'ai_set', 'PX3.71_EURCHF_M30_1500_P3095_DD793_20220930-20250929_SL900_WR54.59_PF1.94_T370_M1406717436_V1_S192-AI-Suggest-Opt.set', 'PX3.71_EURCHF_M30_1500_P3095_DD793_20220930-20250929_SL900_WR54.59_PF1.94_T370_M1406717436_V1_S192'
'After', '1739', '149', 'test_metrics', '213', 'ai_json', 'PX3.71_EURCHF_M30_1500_P3095_DD793_20220930-20250929_SL900_WR54.59_PF1.94_T370_M1406717436_V1_S192-AI-Suggestion.json', 'PX3.71_EURCHF_M30_1500_P3095_DD793_20220930-20250929_SL900_WR54.59_PF1.94_T370_M1406717436_V1_S192'
'After', '1740', '149', 'test_metrics', '213', 'ai_prompt', 'PX3.71_EURCHF_M30_1500_P3095_DD793_20220930-20250929_SL900_WR54.59_PF1.94_T370_M1406717436_V1_S192-AI-Suggestion.prompt.txt', 'PX3.71_EURCHF_M30_1500_P3095_DD793_20220930-20250929_SL900_WR54.59_PF1.94_T370_M1406717436_V1_S192'
'After', '1741', '149', 'test_metrics', '213', 'Optimzation set_file', 'PX3.71_EURCHF_M30_1500_P3095_DD793_20220930-20250929_SL900_WR54.59_PF1.94_T370_M1406717436_V1_S192-AI-Suggest-Opt.set', 'PX3.71_EURCHF_M30_1500_P3095_DD793_20220930-20250929_SL900_WR54.59_PF1.94_T370_M1406717436_V1_S192'
'After', '1742', '149', 'test_metrics', '213', 'optimization_report', 'PX3.71_EURCHF_M30_1500_P3095_DD793_20220930-20250929_SL900_WR54.59_PF1.94_T370_M1406717436_V1_S192-AI-Suggest-Opt-OptimizationReport.htm', 'PX3.71_EURCHF_M30_1500_P3095_DD793_20220930-20250929_SL900_WR54.59_PF1.94_T370_M1406717436_V1_S192'
'After', '1743', '149', 'test_metrics', '213', 'optimization_report_gif', 'PX3.71_EURCHF_M30_1500_P3095_DD793_20220930-20250929_SL900_WR54.59_PF1.94_T370_M1406717436_V1_S192-AI-Suggest-Opt-OptimizationReport.gif', 'PX3.71_EURCHF_M30_1500_P3095_DD793_20220930-20250929_SL900_WR54.59_PF1.94_T370_M1406717436_V1_S192'
'Before', '1733', '149', 'test_metrics', '213', 'input_gif', 'PX3.71_EURCHF_M30_1500_P5382_DD1317_20220908-20250908_SL1400_WR54.26_PF1.89_T798_M1742216961_V1_S72-backtest_report.gif', 'PX3.71_EURCHF_M30_1500_P5382_DD1317_20220908-20250908_SL1400_WR54.26_PF1.89_T798_M1742216961_V1_S72'
'After', '1733', '149', 'test_metrics', '213', 'input_gif', 'PX3.71_EURCHF_M30_1500_P5382_DD1317_20220908-20250908_SL1400_WR54.26_PF1.89_T798_M1742216961_V1_S72-backtest_report.gif', 'PX3.71_EURCHF_M30_1500_P5382_DD1317_20220908-20250908_SL1400_WR54.26_PF1.89_T798_M1742216961_V1_S72'
'Before', '1731', '149', 'test_metrics', '213', 'input_html', 'PX3.71_EURCHF_M30_1500_P5382_DD1317_20220908-20250908_SL1400_WR54.26_PF1.89_T798_M1742216961_V1_S72-backtest_report.htm', 'PX3.71_EURCHF_M30_1500_P5382_DD1317_20220908-20250908_SL1400_WR54.26_PF1.89_T798_M1742216961_V1_S72'
'After', '1731', '149', 'test_metrics', '213', 'input_html', 'PX3.71_EURCHF_M30_1500_P5382_DD1317_20220908-20250908_SL1400_WR54.26_PF1.89_T798_M1742216961_V1_S72-backtest_report.htm', 'PX3.71_EURCHF_M30_1500_P5382_DD1317_20220908-20250908_SL1400_WR54.26_PF1.89_T798_M1742216961_V1_S72'
'Before', '1732', '149', 'test_metrics', '213', 'input_set', 'PX3.71_EURCHF_M30_1500_P5382_DD1317_20220908-20250908_SL1400_WR54.26_PF1.89_T798_M1742216961_V1_S72.set', 'PX3.71_EURCHF_M30_1500_P5382_DD1317_20220908-20250908_SL1400_WR54.26_PF1.89_T798_M1742216961_V1_S72'
'After', '1732', '149', 'test_metrics', '213', 'input_set', 'PX3.71_EURCHF_M30_1500_P5382_DD1317_20220908-20250908_SL1400_WR54.26_PF1.89_T798_M1742216961_V1_S72.set', 'PX3.71_EURCHF_M30_1500_P5382_DD1317_20220908-20250908_SL1400_WR54.26_PF1.89_T798_M1742216961_V1_S72'
'Before', '1730', '149', NULL, NULL, 'set_file', 'PX3.71_EURCHF_M30_1500_P5382_DD1317_20220908-20250908_SL1400_WR54.26_PF1.89_T798_M1742216961_V1_S72.set', 'PX3.71_EURCHF_M30_1500_P5382_DD1317_20220908-20250908_SL1400_WR54.26_PF1.89_T798_M1742216961_V1_S72.set'
'After', '1730', '149', 'test_metrics', '213', 'set_file', 'PX3.71_EURCHF_M30_1500_P5382_DD1317_20220908-20250908_SL1400_WR54.26_PF1.89_T798_M1742216961_V1_S72.set', 'PX3.71_EURCHF_M30_1500_P5382_DD1317_20220908-20250908_SL1400_WR54.26_PF1.89_T798_M1742216961_V1_S72.set'
'Before', '1725', '149', 'test_metrics', '212', 'output_set', 'PX3.71_EURCHF_M30_1500_P3111_DD793_20220929-20250926_SL900_WR54.89_PF1.95_T368_M1406717436_V1_S190.set', 'PX3.71_EURCHF_M30_1500_P3111_DD793_20220929-20250926_SL900_WR54.89_PF1.95_T368_M1406717436_V1_S190'
'Before', '1726', '149', 'test_metrics', '212', 'summary_metrics_csv', 'PX3.71_EURCHF_M30_1500_P3111_DD793_20220929-20250926_SL900_WR54.89_PF1.95_T368_M1406717436_V1_S190_summary_metrics.csv', 'PX3.71_EURCHF_M30_1500_P3111_DD793_20220929-20250926_SL900_WR54.89_PF1.95_T368_M1406717436_V1_S190'
'Before', '1727', '149', 'test_metrics', '212', 'output_html', 'PX3.71_EURCHF_M30_1500_P3111_DD793_20220929-20250926_SL900_WR54.89_PF1.95_T368_M1406717436_V1_S190.htm', 'PX3.71_EURCHF_M30_1500_P3111_DD793_20220929-20250926_SL900_WR54.89_PF1.95_T368_M1406717436_V1_S190'
'Before', '1728', '149', 'test_metrics', '212', 'output_gif', 'PX3.71_EURCHF_M30_1500_P3111_DD793_20220929-20250926_SL900_WR54.89_PF1.95_T368_M1406717436_V1_S190.gif', 'PX3.71_EURCHF_M30_1500_P3111_DD793_20220929-20250926_SL900_WR54.89_PF1.95_T368_M1406717436_V1_S190'
'After', '1725', '149', 'test_metrics', '212', 'output_set', 'PX3.71_EURCHF_M30_1500_P3111_DD793_20220929-20250926_SL900_WR54.89_PF1.95_T368_M1406717436_V1_S190.set', 'PX3.71_EURCHF_M30_1500_P3111_DD793_20220929-20250926_SL900_WR54.89_PF1.95_T368_M1406717436_V1_S190'
'After', '1726', '149', 'test_metrics', '212', 'summary_metrics_csv', 'PX3.71_EURCHF_M30_1500_P3111_DD793_20220929-20250926_SL900_WR54.89_PF1.95_T368_M1406717436_V1_S190_summary_metrics.csv', 'PX3.71_EURCHF_M30_1500_P3111_DD793_20220929-20250926_SL900_WR54.89_PF1.95_T368_M1406717436_V1_S190'
'After', '1727', '149', 'test_metrics', '212', 'output_html', 'PX3.71_EURCHF_M30_1500_P3111_DD793_20220929-20250926_SL900_WR54.89_PF1.95_T368_M1406717436_V1_S190.htm', 'PX3.71_EURCHF_M30_1500_P3111_DD793_20220929-20250926_SL900_WR54.89_PF1.95_T368_M1406717436_V1_S190'
'After', '1728', '149', 'test_metrics', '212', 'output_gif', 'PX3.71_EURCHF_M30_1500_P3111_DD793_20220929-20250926_SL900_WR54.89_PF1.95_T368_M1406717436_V1_S190.gif', 'PX3.71_EURCHF_M30_1500_P3111_DD793_20220929-20250926_SL900_WR54.89_PF1.95_T368_M1406717436_V1_S190'
'Before', '1724', '149', 'test_metrics', '212', 'input_gif', 'PX3.71_EURCHF_M30_1500_P-1388_DD1650_20220929-20250926_SL1800_WR41.67_PF0.43_T36_M1406717436_V1_S188-AI-Suggest-Opt-122-backtest_report.gif', 'PX3.71_EURCHF_M30_1500_P-1388_DD1650_20220929-20250926_SL1800_WR41.67_PF0.43_T36_M1406717436_V1_S188-AI-Suggest-Opt-122'
'After', '1724', '149', 'test_metrics', '212', 'input_gif', 'PX3.71_EURCHF_M30_1500_P-1388_DD1650_20220929-20250926_SL1800_WR41.67_PF0.43_T36_M1406717436_V1_S188-AI-Suggest-Opt-122-backtest_report.gif', 'PX3.71_EURCHF_M30_1500_P-1388_DD1650_20220929-20250926_SL1800_WR41.67_PF0.43_T36_M1406717436_V1_S188-AI-Suggest-Opt-122'
'Before', '1722', '149', 'test_metrics', '212', 'input_html', 'PX3.71_EURCHF_M30_1500_P-1388_DD1650_20220929-20250926_SL1800_WR41.67_PF0.43_T36_M1406717436_V1_S188-AI-Suggest-Opt-122-backtest_report.htm', 'PX3.71_EURCHF_M30_1500_P-1388_DD1650_20220929-20250926_SL1800_WR41.67_PF0.43_T36_M1406717436_V1_S188-AI-Suggest-Opt-122'
'After', '1722', '149', 'test_metrics', '212', 'input_html', 'PX3.71_EURCHF_M30_1500_P-1388_DD1650_20220929-20250926_SL1800_WR41.67_PF0.43_T36_M1406717436_V1_S188-AI-Suggest-Opt-122-backtest_report.htm', 'PX3.71_EURCHF_M30_1500_P-1388_DD1650_20220929-20250926_SL1800_WR41.67_PF0.43_T36_M1406717436_V1_S188-AI-Suggest-Opt-122'
'Before', '1723', '149', 'test_metrics', '212', 'input_set', 'PX3.71_EURCHF_M30_1500_P-1388_DD1650_20220929-20250926_SL1800_WR41.67_PF0.43_T36_M1406717436_V1_S188-AI-Suggest-Opt-122.set', 'PX3.71_EURCHF_M30_1500_P-1388_DD1650_20220929-20250926_SL1800_WR41.67_PF0.43_T36_M1406717436_V1_S188-AI-Suggest-Opt-122'
'After', '1723', '149', 'test_metrics', '212', 'input_set', 'PX3.71_EURCHF_M30_1500_P-1388_DD1650_20220929-20250926_SL1800_WR41.67_PF0.43_T36_M1406717436_V1_S188-AI-Suggest-Opt-122.set', 'PX3.71_EURCHF_M30_1500_P-1388_DD1650_20220929-20250926_SL1800_WR41.67_PF0.43_T36_M1406717436_V1_S188-AI-Suggest-Opt-122'
'Before', '1729', '149', NULL, NULL, 'Best Pass set_file', 'PX3.71_EURCHF_M30_1500_P-1388_DD1650_20220929-20250926_SL1800_WR41.67_PF0.43_T36_M1406717436_V1_S188-AI-Suggest-Opt-122.set', 'PX3.71_EURCHF_M30_1500_P-1388_DD1650_20220929-20250926_SL1800_WR41.67_PF0.43_T36_M1406717436_V1_S188-AI-Suggest-Opt-122.set'
'After', '1729', '149', 'test_metrics', '212', 'Best Pass set_file', 'PX3.71_EURCHF_M30_1500_P-1388_DD1650_20220929-20250926_SL1800_WR41.67_PF0.43_T36_M1406717436_V1_S188-AI-Suggest-Opt-122.set', 'PX3.71_EURCHF_M30_1500_P-1388_DD1650_20220929-20250926_SL1800_WR41.67_PF0.43_T36_M1406717436_V1_S188-AI-Suggest-Opt-122.set'
'Before', '1717', '149', 'test_metrics', '211', 'output_set', 'PX3.71_EURCHF_M30_1500_P3112_DD794_20220929-20250926_SL900_WR54.89_PF1.95_T368_M1406717436_V1_S189.set', 'PX3.71_EURCHF_M30_1500_P3112_DD794_20220929-20250926_SL900_WR54.89_PF1.95_T368_M1406717436_V1_S189'
'Before', '1718', '149', 'test_metrics', '211', 'summary_metrics_csv', 'PX3.71_EURCHF_M30_1500_P3112_DD794_20220929-20250926_SL900_WR54.89_PF1.95_T368_M1406717436_V1_S189_summary_metrics.csv', 'PX3.71_EURCHF_M30_1500_P3112_DD794_20220929-20250926_SL900_WR54.89_PF1.95_T368_M1406717436_V1_S189'
'Before', '1719', '149', 'test_metrics', '211', 'output_html', 'PX3.71_EURCHF_M30_1500_P3112_DD794_20220929-20250926_SL900_WR54.89_PF1.95_T368_M1406717436_V1_S189.htm', 'PX3.71_EURCHF_M30_1500_P3112_DD794_20220929-20250926_SL900_WR54.89_PF1.95_T368_M1406717436_V1_S189'
'Before', '1720', '149', 'test_metrics', '211', 'output_gif', 'PX3.71_EURCHF_M30_1500_P3112_DD794_20220929-20250926_SL900_WR54.89_PF1.95_T368_M1406717436_V1_S189.gif', 'PX3.71_EURCHF_M30_1500_P3112_DD794_20220929-20250926_SL900_WR54.89_PF1.95_T368_M1406717436_V1_S189'
'After', '1717', '149', 'test_metrics', '211', 'output_set', 'PX3.71_EURCHF_M30_1500_P3112_DD794_20220929-20250926_SL900_WR54.89_PF1.95_T368_M1406717436_V1_S189.set', 'PX3.71_EURCHF_M30_1500_P3112_DD794_20220929-20250926_SL900_WR54.89_PF1.95_T368_M1406717436_V1_S189'
'After', '1718', '149', 'test_metrics', '211', 'summary_metrics_csv', 'PX3.71_EURCHF_M30_1500_P3112_DD794_20220929-20250926_SL900_WR54.89_PF1.95_T368_M1406717436_V1_S189_summary_metrics.csv', 'PX3.71_EURCHF_M30_1500_P3112_DD794_20220929-20250926_SL900_WR54.89_PF1.95_T368_M1406717436_V1_S189'
'After', '1719', '149', 'test_metrics', '211', 'output_html', 'PX3.71_EURCHF_M30_1500_P3112_DD794_20220929-20250926_SL900_WR54.89_PF1.95_T368_M1406717436_V1_S189.htm', 'PX3.71_EURCHF_M30_1500_P3112_DD794_20220929-20250926_SL900_WR54.89_PF1.95_T368_M1406717436_V1_S189'
'After', '1720', '149', 'test_metrics', '211', 'output_gif', 'PX3.71_EURCHF_M30_1500_P3112_DD794_20220929-20250926_SL900_WR54.89_PF1.95_T368_M1406717436_V1_S189.gif', 'PX3.71_EURCHF_M30_1500_P3112_DD794_20220929-20250926_SL900_WR54.89_PF1.95_T368_M1406717436_V1_S189'
'Before', '1716', '149', 'test_metrics', '211', 'input_gif', 'PX3.71_EURCHF_M30_1500_P-1388_DD1650_20220929-20250926_SL1800_WR41.67_PF0.43_T36_M1406717436_V1_S188-AI-Suggest-Opt-76-backtest_report.gif', 'PX3.71_EURCHF_M30_1500_P-1388_DD1650_20220929-20250926_SL1800_WR41.67_PF0.43_T36_M1406717436_V1_S188-AI-Suggest-Opt-76'
'After', '1716', '149', 'test_metrics', '211', 'input_gif', 'PX3.71_EURCHF_M30_1500_P-1388_DD1650_20220929-20250926_SL1800_WR41.67_PF0.43_T36_M1406717436_V1_S188-AI-Suggest-Opt-76-backtest_report.gif', 'PX3.71_EURCHF_M30_1500_P-1388_DD1650_20220929-20250926_SL1800_WR41.67_PF0.43_T36_M1406717436_V1_S188-AI-Suggest-Opt-76'
'Before', '1714', '149', 'test_metrics', '211', 'input_html', 'PX3.71_EURCHF_M30_1500_P-1388_DD1650_20220929-20250926_SL1800_WR41.67_PF0.43_T36_M1406717436_V1_S188-AI-Suggest-Opt-76-backtest_report.htm', 'PX3.71_EURCHF_M30_1500_P-1388_DD1650_20220929-20250926_SL1800_WR41.67_PF0.43_T36_M1406717436_V1_S188-AI-Suggest-Opt-76'
'After', '1714', '149', 'test_metrics', '211', 'input_html', 'PX3.71_EURCHF_M30_1500_P-1388_DD1650_20220929-20250926_SL1800_WR41.67_PF0.43_T36_M1406717436_V1_S188-AI-Suggest-Opt-76-backtest_report.htm', 'PX3.71_EURCHF_M30_1500_P-1388_DD1650_20220929-20250926_SL1800_WR41.67_PF0.43_T36_M1406717436_V1_S188-AI-Suggest-Opt-76'
'Before', '1715', '149', 'test_metrics', '211', 'input_set', 'PX3.71_EURCHF_M30_1500_P-1388_DD1650_20220929-20250926_SL1800_WR41.67_PF0.43_T36_M1406717436_V1_S188-AI-Suggest-Opt-76.set', 'PX3.71_EURCHF_M30_1500_P-1388_DD1650_20220929-20250926_SL1800_WR41.67_PF0.43_T36_M1406717436_V1_S188-AI-Suggest-Opt-76'
'After', '1715', '149', 'test_metrics', '211', 'input_set', 'PX3.71_EURCHF_M30_1500_P-1388_DD1650_20220929-20250926_SL1800_WR41.67_PF0.43_T36_M1406717436_V1_S188-AI-Suggest-Opt-76.set', 'PX3.71_EURCHF_M30_1500_P-1388_DD1650_20220929-20250926_SL1800_WR41.67_PF0.43_T36_M1406717436_V1_S188-AI-Suggest-Opt-76'
'Before', '1721', '149', NULL, NULL, 'Best Pass set_file', 'PX3.71_EURCHF_M30_1500_P-1388_DD1650_20220929-20250926_SL1800_WR41.67_PF0.43_T36_M1406717436_V1_S188-AI-Suggest-Opt-76.set', 'PX3.71_EURCHF_M30_1500_P-1388_DD1650_20220929-20250926_SL1800_WR41.67_PF0.43_T36_M1406717436_V1_S188-AI-Suggest-Opt-76.set'
'After', '1721', '149', 'test_metrics', '211', 'Best Pass set_file', 'PX3.71_EURCHF_M30_1500_P-1388_DD1650_20220929-20250926_SL1800_WR41.67_PF0.43_T36_M1406717436_V1_S188-AI-Suggest-Opt-76.set', 'PX3.71_EURCHF_M30_1500_P-1388_DD1650_20220929-20250926_SL1800_WR41.67_PF0.43_T36_M1406717436_V1_S188-AI-Suggest-Opt-76.set'
'Before', '1704', '149', 'test_metrics', '210', 'output_set', 'PX3.71_EURCHF_M30_1500_P-1388_DD1650_20220929-20250926_SL1800_WR41.67_PF0.43_T36_M1406717436_V1_S188.set', 'PX3.71_EURCHF_M30_1500_P-1388_DD1650_20220929-20250926_SL1800_WR41.67_PF0.43_T36_M1406717436_V1_S188'
'Before', '1705', '149', 'test_metrics', '210', 'summary_metrics_csv', 'PX3.71_EURCHF_M30_1500_P-1388_DD1650_20220929-20250926_SL1800_WR41.67_PF0.43_T36_M1406717436_V1_S188_summary_metrics.csv', 'PX3.71_EURCHF_M30_1500_P-1388_DD1650_20220929-20250926_SL1800_WR41.67_PF0.43_T36_M1406717436_V1_S188'
'Before', '1706', '149', 'test_metrics', '210', 'output_html', 'PX3.71_EURCHF_M30_1500_P-1388_DD1650_20220929-20250926_SL1800_WR41.67_PF0.43_T36_M1406717436_V1_S188.htm', 'PX3.71_EURCHF_M30_1500_P-1388_DD1650_20220929-20250926_SL1800_WR41.67_PF0.43_T36_M1406717436_V1_S188'
'Before', '1707', '149', 'test_metrics', '210', 'output_gif', 'PX3.71_EURCHF_M30_1500_P-1388_DD1650_20220929-20250926_SL1800_WR41.67_PF0.43_T36_M1406717436_V1_S188.gif', 'PX3.71_EURCHF_M30_1500_P-1388_DD1650_20220929-20250926_SL1800_WR41.67_PF0.43_T36_M1406717436_V1_S188'
'Before', '1708', '149', 'test_metrics', '210', 'ai_set', 'PX3.71_EURCHF_M30_1500_P-1388_DD1650_20220929-20250926_SL1800_WR41.67_PF0.43_T36_M1406717436_V1_S188-AI-Suggest-Opt.set', 'PX3.71_EURCHF_M30_1500_P-1388_DD1650_20220929-20250926_SL1800_WR41.67_PF0.43_T36_M1406717436_V1_S188'
'Before', '1709', '149', 'test_metrics', '210', 'ai_json', 'PX3.71_EURCHF_M30_1500_P-1388_DD1650_20220929-20250926_SL1800_WR41.67_PF0.43_T36_M1406717436_V1_S188-AI-Suggestion.json', 'PX3.71_EURCHF_M30_1500_P-1388_DD1650_20220929-20250926_SL1800_WR41.67_PF0.43_T36_M1406717436_V1_S188'
'Before', '1710', '149', 'test_metrics', '210', 'ai_prompt', 'PX3.71_EURCHF_M30_1500_P-1388_DD1650_20220929-20250926_SL1800_WR41.67_PF0.43_T36_M1406717436_V1_S188-AI-Suggestion.prompt.txt', 'PX3.71_EURCHF_M30_1500_P-1388_DD1650_20220929-20250926_SL1800_WR41.67_PF0.43_T36_M1406717436_V1_S188'
'Before', '1711', '149', NULL, NULL, 'Optimzation set_file', 'PX3.71_EURCHF_M30_1500_P-1388_DD1650_20220929-20250926_SL1800_WR41.67_PF0.43_T36_M1406717436_V1_S188-AI-Suggest-Opt.set', 'PX3.71_EURCHF_M30_1500_P-1388_DD1650_20220929-20250926_SL1800_WR41.67_PF0.43_T36_M1406717436_V1_S188'
'Before', '1712', '149', 'optimization_reports', '48', 'optimization_report', 'PX3.71_EURCHF_M30_1500_P-1388_DD1650_20220929-20250926_SL1800_WR41.67_PF0.43_T36_M1406717436_V1_S188-AI-Suggest-Opt-OptimizationReport.htm', 'PX3.71_EURCHF_M30_1500_P-1388_DD1650_20220929-20250926_SL1800_WR41.67_PF0.43_T36_M1406717436_V1_S188'
'Before', '1713', '149', 'optimization_reports', '48', 'optimization_report_gif', 'PX3.71_EURCHF_M30_1500_P-1388_DD1650_20220929-20250926_SL1800_WR41.67_PF0.43_T36_M1406717436_V1_S188-AI-Suggest-Opt-OptimizationReport.gif', 'PX3.71_EURCHF_M30_1500_P-1388_DD1650_20220929-20250926_SL1800_WR41.67_PF0.43_T36_M1406717436_V1_S188'
'After', '1704', '149', 'test_metrics', '210', 'output_set', 'PX3.71_EURCHF_M30_1500_P-1388_DD1650_20220929-20250926_SL1800_WR41.67_PF0.43_T36_M1406717436_V1_S188.set', 'PX3.71_EURCHF_M30_1500_P-1388_DD1650_20220929-20250926_SL1800_WR41.67_PF0.43_T36_M1406717436_V1_S188'
'After', '1705', '149', 'test_metrics', '210', 'summary_metrics_csv', 'PX3.71_EURCHF_M30_1500_P-1388_DD1650_20220929-20250926_SL1800_WR41.67_PF0.43_T36_M1406717436_V1_S188_summary_metrics.csv', 'PX3.71_EURCHF_M30_1500_P-1388_DD1650_20220929-20250926_SL1800_WR41.67_PF0.43_T36_M1406717436_V1_S188'
'After', '1706', '149', 'test_metrics', '210', 'output_html', 'PX3.71_EURCHF_M30_1500_P-1388_DD1650_20220929-20250926_SL1800_WR41.67_PF0.43_T36_M1406717436_V1_S188.htm', 'PX3.71_EURCHF_M30_1500_P-1388_DD1650_20220929-20250926_SL1800_WR41.67_PF0.43_T36_M1406717436_V1_S188'
'After', '1707', '149', 'test_metrics', '210', 'output_gif', 'PX3.71_EURCHF_M30_1500_P-1388_DD1650_20220929-20250926_SL1800_WR41.67_PF0.43_T36_M1406717436_V1_S188.gif', 'PX3.71_EURCHF_M30_1500_P-1388_DD1650_20220929-20250926_SL1800_WR41.67_PF0.43_T36_M1406717436_V1_S188'
'After', '1708', '149', 'test_metrics', '210', 'ai_set', 'PX3.71_EURCHF_M30_1500_P-1388_DD1650_20220929-20250926_SL1800_WR41.67_PF0.43_T36_M1406717436_V1_S188-AI-Suggest-Opt.set', 'PX3.71_EURCHF_M30_1500_P-1388_DD1650_20220929-20250926_SL1800_WR41.67_PF0.43_T36_M1406717436_V1_S188'
'After', '1709', '149', 'test_metrics', '210', 'ai_json', 'PX3.71_EURCHF_M30_1500_P-1388_DD1650_20220929-20250926_SL1800_WR41.67_PF0.43_T36_M1406717436_V1_S188-AI-Suggestion.json', 'PX3.71_EURCHF_M30_1500_P-1388_DD1650_20220929-20250926_SL1800_WR41.67_PF0.43_T36_M1406717436_V1_S188'
'After', '1710', '149', 'test_metrics', '210', 'ai_prompt', 'PX3.71_EURCHF_M30_1500_P-1388_DD1650_20220929-20250926_SL1800_WR41.67_PF0.43_T36_M1406717436_V1_S188-AI-Suggestion.prompt.txt', 'PX3.71_EURCHF_M30_1500_P-1388_DD1650_20220929-20250926_SL1800_WR41.67_PF0.43_T36_M1406717436_V1_S188'
'After', '1711', '149', 'test_metrics', '210', 'Optimzation set_file', 'PX3.71_EURCHF_M30_1500_P-1388_DD1650_20220929-20250926_SL1800_WR41.67_PF0.43_T36_M1406717436_V1_S188-AI-Suggest-Opt.set', 'PX3.71_EURCHF_M30_1500_P-1388_DD1650_20220929-20250926_SL1800_WR41.67_PF0.43_T36_M1406717436_V1_S188'
'After', '1712', '149', 'test_metrics', '210', 'optimization_report', 'PX3.71_EURCHF_M30_1500_P-1388_DD1650_20220929-20250926_SL1800_WR41.67_PF0.43_T36_M1406717436_V1_S188-AI-Suggest-Opt-OptimizationReport.htm', 'PX3.71_EURCHF_M30_1500_P-1388_DD1650_20220929-20250926_SL1800_WR41.67_PF0.43_T36_M1406717436_V1_S188'
'After', '1713', '149', 'test_metrics', '210', 'optimization_report_gif', 'PX3.71_EURCHF_M30_1500_P-1388_DD1650_20220929-20250926_SL1800_WR41.67_PF0.43_T36_M1406717436_V1_S188-AI-Suggest-Opt-OptimizationReport.gif', 'PX3.71_EURCHF_M30_1500_P-1388_DD1650_20220929-20250926_SL1800_WR41.67_PF0.43_T36_M1406717436_V1_S188'
'Before', '1703', '149', 'test_metrics', '210', 'input_gif', 'PX3.71_EURCHF_M30_1500_P5382_DD1317_20220908-20250908_SL1400_WR54.26_PF1.89_T798_M1742216961_V1_S72-backtest_report.gif', 'PX3.71_EURCHF_M30_1500_P5382_DD1317_20220908-20250908_SL1400_WR54.26_PF1.89_T798_M1742216961_V1_S72'
'After', '1703', '149', 'test_metrics', '210', 'input_gif', 'PX3.71_EURCHF_M30_1500_P5382_DD1317_20220908-20250908_SL1400_WR54.26_PF1.89_T798_M1742216961_V1_S72-backtest_report.gif', 'PX3.71_EURCHF_M30_1500_P5382_DD1317_20220908-20250908_SL1400_WR54.26_PF1.89_T798_M1742216961_V1_S72'
'Before', '1701', '149', 'test_metrics', '210', 'input_html', 'PX3.71_EURCHF_M30_1500_P5382_DD1317_20220908-20250908_SL1400_WR54.26_PF1.89_T798_M1742216961_V1_S72-backtest_report.htm', 'PX3.71_EURCHF_M30_1500_P5382_DD1317_20220908-20250908_SL1400_WR54.26_PF1.89_T798_M1742216961_V1_S72'
'After', '1701', '149', 'test_metrics', '210', 'input_html', 'PX3.71_EURCHF_M30_1500_P5382_DD1317_20220908-20250908_SL1400_WR54.26_PF1.89_T798_M1742216961_V1_S72-backtest_report.htm', 'PX3.71_EURCHF_M30_1500_P5382_DD1317_20220908-20250908_SL1400_WR54.26_PF1.89_T798_M1742216961_V1_S72'
'Before', '1702', '149', 'test_metrics', '210', 'input_set', 'PX3.71_EURCHF_M30_1500_P5382_DD1317_20220908-20250908_SL1400_WR54.26_PF1.89_T798_M1742216961_V1_S72.set', 'PX3.71_EURCHF_M30_1500_P5382_DD1317_20220908-20250908_SL1400_WR54.26_PF1.89_T798_M1742216961_V1_S72'
'After', '1702', '149', 'test_metrics', '210', 'input_set', 'PX3.71_EURCHF_M30_1500_P5382_DD1317_20220908-20250908_SL1400_WR54.26_PF1.89_T798_M1742216961_V1_S72.set', 'PX3.71_EURCHF_M30_1500_P5382_DD1317_20220908-20250908_SL1400_WR54.26_PF1.89_T798_M1742216961_V1_S72'
'Before', '1700', '149', NULL, NULL, 'set_file', 'PX3.71_EURCHF_M30_1500_P5382_DD1317_20220908-20250908_SL1400_WR54.26_PF1.89_T798_M1742216961_V1_S72.set', 'PX3.71_EURCHF_M30_1500_P5382_DD1317_20220908-20250908_SL1400_WR54.26_PF1.89_T798_M1742216961_V1_S72.set'
'After', '1700', '149', 'test_metrics', '210', 'set_file', 'PX3.71_EURCHF_M30_1500_P5382_DD1317_20220908-20250908_SL1400_WR54.26_PF1.89_T798_M1742216961_V1_S72.set', 'PX3.71_EURCHF_M30_1500_P5382_DD1317_20220908-20250908_SL1400_WR54.26_PF1.89_T798_M1742216961_V1_S72.set'
'Before', '1660', '149', 'test_metrics', '206', 'output_set', 'PX3.71_EURCHF_M30_1500_P-1400_DD1774_20220929-20250926_SL1900_WR44.68_PF0.34_T47_M1406717436_V1_S182.set', 'PX3.71_EURCHF_M30_1500_P-1400_DD1774_20220929-20250926_SL1900_WR44.68_PF0.34_T47_M1406717436_V1_S182'
'Before', '1661', '149', 'test_metrics', '206', 'summary_metrics_csv', 'PX3.71_EURCHF_M30_1500_P-1400_DD1774_20220929-20250926_SL1900_WR44.68_PF0.34_T47_M1406717436_V1_S182_summary_metrics.csv', 'PX3.71_EURCHF_M30_1500_P-1400_DD1774_20220929-20250926_SL1900_WR44.68_PF0.34_T47_M1406717436_V1_S182'
'Before', '1662', '149', 'test_metrics', '206', 'output_html', 'PX3.71_EURCHF_M30_1500_P-1400_DD1774_20220929-20250926_SL1900_WR44.68_PF0.34_T47_M1406717436_V1_S182.htm', 'PX3.71_EURCHF_M30_1500_P-1400_DD1774_20220929-20250926_SL1900_WR44.68_PF0.34_T47_M1406717436_V1_S182'
'Before', '1663', '149', 'test_metrics', '206', 'output_gif', 'PX3.71_EURCHF_M30_1500_P-1400_DD1774_20220929-20250926_SL1900_WR44.68_PF0.34_T47_M1406717436_V1_S182.gif', 'PX3.71_EURCHF_M30_1500_P-1400_DD1774_20220929-20250926_SL1900_WR44.68_PF0.34_T47_M1406717436_V1_S182'
'Before', '1664', '149', 'test_metrics', '206', 'ai_set', 'PX3.71_EURCHF_M30_1500_P-1400_DD1774_20220929-20250926_SL1900_WR44.68_PF0.34_T47_M1406717436_V1_S182-AI-Suggest-Opt.set', 'PX3.71_EURCHF_M30_1500_P-1400_DD1774_20220929-20250926_SL1900_WR44.68_PF0.34_T47_M1406717436_V1_S182'
'Before', '1665', '149', 'test_metrics', '206', 'ai_json', 'PX3.71_EURCHF_M30_1500_P-1400_DD1774_20220929-20250926_SL1900_WR44.68_PF0.34_T47_M1406717436_V1_S182-AI-Suggestion.json', 'PX3.71_EURCHF_M30_1500_P-1400_DD1774_20220929-20250926_SL1900_WR44.68_PF0.34_T47_M1406717436_V1_S182'
'Before', '1666', '149', 'test_metrics', '206', 'ai_prompt', 'PX3.71_EURCHF_M30_1500_P-1400_DD1774_20220929-20250926_SL1900_WR44.68_PF0.34_T47_M1406717436_V1_S182-AI-Suggestion.prompt.txt', 'PX3.71_EURCHF_M30_1500_P-1400_DD1774_20220929-20250926_SL1900_WR44.68_PF0.34_T47_M1406717436_V1_S182'
'Before', '1667', '149', NULL, NULL, 'Optimzation set_file', 'PX3.71_EURCHF_M30_1500_P-1400_DD1774_20220929-20250926_SL1900_WR44.68_PF0.34_T47_M1406717436_V1_S182-AI-Suggest-Opt.set', 'PX3.71_EURCHF_M30_1500_P-1400_DD1774_20220929-20250926_SL1900_WR44.68_PF0.34_T47_M1406717436_V1_S182'
'Before', '1668', '149', 'optimization_reports', '46', 'optimization_report', 'PX3.71_EURCHF_M30_1500_P-1400_DD1774_20220929-20250926_SL1900_WR44.68_PF0.34_T47_M1406717436_V1_S182-AI-Suggest-Opt-OptimizationReport.htm', 'PX3.71_EURCHF_M30_1500_P-1400_DD1774_20220929-20250926_SL1900_WR44.68_PF0.34_T47_M1406717436_V1_S182'
'Before', '1669', '149', 'optimization_reports', '46', 'optimization_report_gif', 'PX3.71_EURCHF_M30_1500_P-1400_DD1774_20220929-20250926_SL1900_WR44.68_PF0.34_T47_M1406717436_V1_S182-AI-Suggest-Opt-OptimizationReport.gif', 'PX3.71_EURCHF_M30_1500_P-1400_DD1774_20220929-20250926_SL1900_WR44.68_PF0.34_T47_M1406717436_V1_S182'
'After', '1660', '149', 'test_metrics', '206', 'output_set', 'PX3.71_EURCHF_M30_1500_P-1400_DD1774_20220929-20250926_SL1900_WR44.68_PF0.34_T47_M1406717436_V1_S182.set', 'PX3.71_EURCHF_M30_1500_P-1400_DD1774_20220929-20250926_SL1900_WR44.68_PF0.34_T47_M1406717436_V1_S182'
'After', '1661', '149', 'test_metrics', '206', 'summary_metrics_csv', 'PX3.71_EURCHF_M30_1500_P-1400_DD1774_20220929-20250926_SL1900_WR44.68_PF0.34_T47_M1406717436_V1_S182_summary_metrics.csv', 'PX3.71_EURCHF_M30_1500_P-1400_DD1774_20220929-20250926_SL1900_WR44.68_PF0.34_T47_M1406717436_V1_S182'
'After', '1662', '149', 'test_metrics', '206', 'output_html', 'PX3.71_EURCHF_M30_1500_P-1400_DD1774_20220929-20250926_SL1900_WR44.68_PF0.34_T47_M1406717436_V1_S182.htm', 'PX3.71_EURCHF_M30_1500_P-1400_DD1774_20220929-20250926_SL1900_WR44.68_PF0.34_T47_M1406717436_V1_S182'
'After', '1663', '149', 'test_metrics', '206', 'output_gif', 'PX3.71_EURCHF_M30_1500_P-1400_DD1774_20220929-20250926_SL1900_WR44.68_PF0.34_T47_M1406717436_V1_S182.gif', 'PX3.71_EURCHF_M30_1500_P-1400_DD1774_20220929-20250926_SL1900_WR44.68_PF0.34_T47_M1406717436_V1_S182'
'After', '1664', '149', 'test_metrics', '206', 'ai_set', 'PX3.71_EURCHF_M30_1500_P-1400_DD1774_20220929-20250926_SL1900_WR44.68_PF0.34_T47_M1406717436_V1_S182-AI-Suggest-Opt.set', 'PX3.71_EURCHF_M30_1500_P-1400_DD1774_20220929-20250926_SL1900_WR44.68_PF0.34_T47_M1406717436_V1_S182'
'After', '1665', '149', 'test_metrics', '206', 'ai_json', 'PX3.71_EURCHF_M30_1500_P-1400_DD1774_20220929-20250926_SL1900_WR44.68_PF0.34_T47_M1406717436_V1_S182-AI-Suggestion.json', 'PX3.71_EURCHF_M30_1500_P-1400_DD1774_20220929-20250926_SL1900_WR44.68_PF0.34_T47_M1406717436_V1_S182'
'After', '1666', '149', 'test_metrics', '206', 'ai_prompt', 'PX3.71_EURCHF_M30_1500_P-1400_DD1774_20220929-20250926_SL1900_WR44.68_PF0.34_T47_M1406717436_V1_S182-AI-Suggestion.prompt.txt', 'PX3.71_EURCHF_M30_1500_P-1400_DD1774_20220929-20250926_SL1900_WR44.68_PF0.34_T47_M1406717436_V1_S182'
'After', '1667', '149', 'test_metrics', '206', 'Optimzation set_file', 'PX3.71_EURCHF_M30_1500_P-1400_DD1774_20220929-20250926_SL1900_WR44.68_PF0.34_T47_M1406717436_V1_S182-AI-Suggest-Opt.set', 'PX3.71_EURCHF_M30_1500_P-1400_DD1774_20220929-20250926_SL1900_WR44.68_PF0.34_T47_M1406717436_V1_S182'
'After', '1668', '149', 'test_metrics', '206', 'optimization_report', 'PX3.71_EURCHF_M30_1500_P-1400_DD1774_20220929-20250926_SL1900_WR44.68_PF0.34_T47_M1406717436_V1_S182-AI-Suggest-Opt-OptimizationReport.htm', 'PX3.71_EURCHF_M30_1500_P-1400_DD1774_20220929-20250926_SL1900_WR44.68_PF0.34_T47_M1406717436_V1_S182'
'After', '1669', '149', 'test_metrics', '206', 'optimization_report_gif', 'PX3.71_EURCHF_M30_1500_P-1400_DD1774_20220929-20250926_SL1900_WR44.68_PF0.34_T47_M1406717436_V1_S182-AI-Suggest-Opt-OptimizationReport.gif', 'PX3.71_EURCHF_M30_1500_P-1400_DD1774_20220929-20250926_SL1900_WR44.68_PF0.34_T47_M1406717436_V1_S182'
'Before', '1659', '149', 'test_metrics', '206', 'input_gif', 'PX3.71_EURCHF_M30_1500_P5382_DD1317_20220908-20250908_SL1400_WR54.26_PF1.89_T798_M1742216961_V1_S72-backtest_report.gif', 'PX3.71_EURCHF_M30_1500_P5382_DD1317_20220908-20250908_SL1400_WR54.26_PF1.89_T798_M1742216961_V1_S72'
'After', '1659', '149', 'test_metrics', '206', 'input_gif', 'PX3.71_EURCHF_M30_1500_P5382_DD1317_20220908-20250908_SL1400_WR54.26_PF1.89_T798_M1742216961_V1_S72-backtest_report.gif', 'PX3.71_EURCHF_M30_1500_P5382_DD1317_20220908-20250908_SL1400_WR54.26_PF1.89_T798_M1742216961_V1_S72'
'Before', '1657', '149', 'test_metrics', '206', 'input_html', 'PX3.71_EURCHF_M30_1500_P5382_DD1317_20220908-20250908_SL1400_WR54.26_PF1.89_T798_M1742216961_V1_S72-backtest_report.htm', 'PX3.71_EURCHF_M30_1500_P5382_DD1317_20220908-20250908_SL1400_WR54.26_PF1.89_T798_M1742216961_V1_S72'
'After', '1657', '149', 'test_metrics', '206', 'input_html', 'PX3.71_EURCHF_M30_1500_P5382_DD1317_20220908-20250908_SL1400_WR54.26_PF1.89_T798_M1742216961_V1_S72-backtest_report.htm', 'PX3.71_EURCHF_M30_1500_P5382_DD1317_20220908-20250908_SL1400_WR54.26_PF1.89_T798_M1742216961_V1_S72'
'Before', '1658', '149', 'test_metrics', '206', 'input_set', 'PX3.71_EURCHF_M30_1500_P5382_DD1317_20220908-20250908_SL1400_WR54.26_PF1.89_T798_M1742216961_V1_S72.set', 'PX3.71_EURCHF_M30_1500_P5382_DD1317_20220908-20250908_SL1400_WR54.26_PF1.89_T798_M1742216961_V1_S72'
'After', '1658', '149', 'test_metrics', '206', 'input_set', 'PX3.71_EURCHF_M30_1500_P5382_DD1317_20220908-20250908_SL1400_WR54.26_PF1.89_T798_M1742216961_V1_S72.set', 'PX3.71_EURCHF_M30_1500_P5382_DD1317_20220908-20250908_SL1400_WR54.26_PF1.89_T798_M1742216961_V1_S72'
'Before', '1656', '149', NULL, NULL, 'set_file', 'PX3.71_EURCHF_M30_1500_P5382_DD1317_20220908-20250908_SL1400_WR54.26_PF1.89_T798_M1742216961_V1_S72.set', 'PX3.71_EURCHF_M30_1500_P5382_DD1317_20220908-20250908_SL1400_WR54.26_PF1.89_T798_M1742216961_V1_S72.set'
'After', '1656', '149', 'test_metrics', '206', 'set_file', 'PX3.71_EURCHF_M30_1500_P5382_DD1317_20220908-20250908_SL1400_WR54.26_PF1.89_T798_M1742216961_V1_S72.set', 'PX3.71_EURCHF_M30_1500_P5382_DD1317_20220908-20250908_SL1400_WR54.26_PF1.89_T798_M1742216961_V1_S72.set'
'Before', '640', '149', 'test_metrics', '105', 'output_set', 'PX3.71_EURCHF_M30_1500_P163_DD121_20220926-20250924_SL200_WR47.06_PF1.98_T34_M1406717436_V1_S30.set', 'PX3.71_EURCHF_M30_1500_P163_DD121_20220926-20250924_SL200_WR47.06_PF1.98_T34_M1406717436_V1_S30'
'Before', '641', '149', 'test_metrics', '105', 'summary_metrics_csv', 'PX3.71_EURCHF_M30_1500_P163_DD121_20220926-20250924_SL200_WR47.06_PF1.98_T34_M1406717436_V1_S30_summary_metrics.csv', 'PX3.71_EURCHF_M30_1500_P163_DD121_20220926-20250924_SL200_WR47.06_PF1.98_T34_M1406717436_V1_S30'
'Before', '642', '149', 'test_metrics', '105', 'output_html', 'PX3.71_EURCHF_M30_1500_P163_DD121_20220926-20250924_SL200_WR47.06_PF1.98_T34_M1406717436_V1_S30.htm', 'PX3.71_EURCHF_M30_1500_P163_DD121_20220926-20250924_SL200_WR47.06_PF1.98_T34_M1406717436_V1_S30'
'Before', '643', '149', 'test_metrics', '105', 'output_gif', 'PX3.71_EURCHF_M30_1500_P163_DD121_20220926-20250924_SL200_WR47.06_PF1.98_T34_M1406717436_V1_S30.gif', 'PX3.71_EURCHF_M30_1500_P163_DD121_20220926-20250924_SL200_WR47.06_PF1.98_T34_M1406717436_V1_S30'
'After', '640', '149', 'test_metrics', '105', 'output_set', 'PX3.71_EURCHF_M30_1500_P163_DD121_20220926-20250924_SL200_WR47.06_PF1.98_T34_M1406717436_V1_S30.set', 'PX3.71_EURCHF_M30_1500_P163_DD121_20220926-20250924_SL200_WR47.06_PF1.98_T34_M1406717436_V1_S30'
'After', '641', '149', 'test_metrics', '105', 'summary_metrics_csv', 'PX3.71_EURCHF_M30_1500_P163_DD121_20220926-20250924_SL200_WR47.06_PF1.98_T34_M1406717436_V1_S30_summary_metrics.csv', 'PX3.71_EURCHF_M30_1500_P163_DD121_20220926-20250924_SL200_WR47.06_PF1.98_T34_M1406717436_V1_S30'
'After', '642', '149', 'test_metrics', '105', 'output_html', 'PX3.71_EURCHF_M30_1500_P163_DD121_20220926-20250924_SL200_WR47.06_PF1.98_T34_M1406717436_V1_S30.htm', 'PX3.71_EURCHF_M30_1500_P163_DD121_20220926-20250924_SL200_WR47.06_PF1.98_T34_M1406717436_V1_S30'
'After', '643', '149', 'test_metrics', '105', 'output_gif', 'PX3.71_EURCHF_M30_1500_P163_DD121_20220926-20250924_SL200_WR47.06_PF1.98_T34_M1406717436_V1_S30.gif', 'PX3.71_EURCHF_M30_1500_P163_DD121_20220926-20250924_SL200_WR47.06_PF1.98_T34_M1406717436_V1_S30'
'Before', '639', '149', 'test_metrics', '105', 'input_gif', 'PX3.71_EURCHF_M30_1500_P-1467_DD3033_20220926-20250924_SL3100_WR55.94_PF0.73_T202_M1406717436_V1_S28-AI-Suggest-Opt-23-backtest_report.gif', 'PX3.71_EURCHF_M30_1500_P-1467_DD3033_20220926-20250924_SL3100_WR55.94_PF0.73_T202_M1406717436_V1_S28-AI-Suggest-Opt-23'
'After', '639', '149', 'test_metrics', '105', 'input_gif', 'PX3.71_EURCHF_M30_1500_P-1467_DD3033_20220926-20250924_SL3100_WR55.94_PF0.73_T202_M1406717436_V1_S28-AI-Suggest-Opt-23-backtest_report.gif', 'PX3.71_EURCHF_M30_1500_P-1467_DD3033_20220926-20250924_SL3100_WR55.94_PF0.73_T202_M1406717436_V1_S28-AI-Suggest-Opt-23'
'Before', '637', '149', 'test_metrics', '105', 'input_html', 'PX3.71_EURCHF_M30_1500_P-1467_DD3033_20220926-20250924_SL3100_WR55.94_PF0.73_T202_M1406717436_V1_S28-AI-Suggest-Opt-23-backtest_report.htm', 'PX3.71_EURCHF_M30_1500_P-1467_DD3033_20220926-20250924_SL3100_WR55.94_PF0.73_T202_M1406717436_V1_S28-AI-Suggest-Opt-23'
'After', '637', '149', 'test_metrics', '105', 'input_html', 'PX3.71_EURCHF_M30_1500_P-1467_DD3033_20220926-20250924_SL3100_WR55.94_PF0.73_T202_M1406717436_V1_S28-AI-Suggest-Opt-23-backtest_report.htm', 'PX3.71_EURCHF_M30_1500_P-1467_DD3033_20220926-20250924_SL3100_WR55.94_PF0.73_T202_M1406717436_V1_S28-AI-Suggest-Opt-23'
'Before', '638', '149', 'test_metrics', '105', 'input_set', 'PX3.71_EURCHF_M30_1500_P-1467_DD3033_20220926-20250924_SL3100_WR55.94_PF0.73_T202_M1406717436_V1_S28-AI-Suggest-Opt-23.set', 'PX3.71_EURCHF_M30_1500_P-1467_DD3033_20220926-20250924_SL3100_WR55.94_PF0.73_T202_M1406717436_V1_S28-AI-Suggest-Opt-23'
'After', '638', '149', 'test_metrics', '105', 'input_set', 'PX3.71_EURCHF_M30_1500_P-1467_DD3033_20220926-20250924_SL3100_WR55.94_PF0.73_T202_M1406717436_V1_S28-AI-Suggest-Opt-23.set', 'PX3.71_EURCHF_M30_1500_P-1467_DD3033_20220926-20250924_SL3100_WR55.94_PF0.73_T202_M1406717436_V1_S28-AI-Suggest-Opt-23'
'Before', '644', '149', NULL, NULL, 'Best Pass set_file', 'PX3.71_EURCHF_M30_1500_P-1467_DD3033_20220926-20250924_SL3100_WR55.94_PF0.73_T202_M1406717436_V1_S28-AI-Suggest-Opt-23.set', 'PX3.71_EURCHF_M30_1500_P-1467_DD3033_20220926-20250924_SL3100_WR55.94_PF0.73_T202_M1406717436_V1_S28-AI-Suggest-Opt-23.set'
'After', '644', '149', 'test_metrics', '105', 'Best Pass set_file', 'PX3.71_EURCHF_M30_1500_P-1467_DD3033_20220926-20250924_SL3100_WR55.94_PF0.73_T202_M1406717436_V1_S28-AI-Suggest-Opt-23.set', 'PX3.71_EURCHF_M30_1500_P-1467_DD3033_20220926-20250924_SL3100_WR55.94_PF0.73_T202_M1406717436_V1_S28-AI-Suggest-Opt-23.set'
'Before', '632', '149', 'test_metrics', '104', 'output_set', 'PX3.71_EURCHF_M30_1500_P163_DD121_20220926-20250924_SL200_WR47.06_PF1.98_T34_M1406717436_V1_S29.set', 'PX3.71_EURCHF_M30_1500_P163_DD121_20220926-20250924_SL200_WR47.06_PF1.98_T34_M1406717436_V1_S29'
'Before', '633', '149', 'test_metrics', '104', 'summary_metrics_csv', 'PX3.71_EURCHF_M30_1500_P163_DD121_20220926-20250924_SL200_WR47.06_PF1.98_T34_M1406717436_V1_S29_summary_metrics.csv', 'PX3.71_EURCHF_M30_1500_P163_DD121_20220926-20250924_SL200_WR47.06_PF1.98_T34_M1406717436_V1_S29'
'Before', '634', '149', 'test_metrics', '104', 'output_html', 'PX3.71_EURCHF_M30_1500_P163_DD121_20220926-20250924_SL200_WR47.06_PF1.98_T34_M1406717436_V1_S29.htm', 'PX3.71_EURCHF_M30_1500_P163_DD121_20220926-20250924_SL200_WR47.06_PF1.98_T34_M1406717436_V1_S29'
'Before', '635', '149', 'test_metrics', '104', 'output_gif', 'PX3.71_EURCHF_M30_1500_P163_DD121_20220926-20250924_SL200_WR47.06_PF1.98_T34_M1406717436_V1_S29.gif', 'PX3.71_EURCHF_M30_1500_P163_DD121_20220926-20250924_SL200_WR47.06_PF1.98_T34_M1406717436_V1_S29'
'After', '632', '149', 'test_metrics', '104', 'output_set', 'PX3.71_EURCHF_M30_1500_P163_DD121_20220926-20250924_SL200_WR47.06_PF1.98_T34_M1406717436_V1_S29.set', 'PX3.71_EURCHF_M30_1500_P163_DD121_20220926-20250924_SL200_WR47.06_PF1.98_T34_M1406717436_V1_S29'
'After', '633', '149', 'test_metrics', '104', 'summary_metrics_csv', 'PX3.71_EURCHF_M30_1500_P163_DD121_20220926-20250924_SL200_WR47.06_PF1.98_T34_M1406717436_V1_S29_summary_metrics.csv', 'PX3.71_EURCHF_M30_1500_P163_DD121_20220926-20250924_SL200_WR47.06_PF1.98_T34_M1406717436_V1_S29'
'After', '634', '149', 'test_metrics', '104', 'output_html', 'PX3.71_EURCHF_M30_1500_P163_DD121_20220926-20250924_SL200_WR47.06_PF1.98_T34_M1406717436_V1_S29.htm', 'PX3.71_EURCHF_M30_1500_P163_DD121_20220926-20250924_SL200_WR47.06_PF1.98_T34_M1406717436_V1_S29'
'After', '635', '149', 'test_metrics', '104', 'output_gif', 'PX3.71_EURCHF_M30_1500_P163_DD121_20220926-20250924_SL200_WR47.06_PF1.98_T34_M1406717436_V1_S29.gif', 'PX3.71_EURCHF_M30_1500_P163_DD121_20220926-20250924_SL200_WR47.06_PF1.98_T34_M1406717436_V1_S29'
'Before', '631', '149', 'test_metrics', '104', 'input_gif', 'PX3.71_EURCHF_M30_1500_P-1467_DD3033_20220926-20250924_SL3100_WR55.94_PF0.73_T202_M1406717436_V1_S28-AI-Suggest-Opt-40-backtest_report.gif', 'PX3.71_EURCHF_M30_1500_P-1467_DD3033_20220926-20250924_SL3100_WR55.94_PF0.73_T202_M1406717436_V1_S28-AI-Suggest-Opt-40'
'After', '631', '149', 'test_metrics', '104', 'input_gif', 'PX3.71_EURCHF_M30_1500_P-1467_DD3033_20220926-20250924_SL3100_WR55.94_PF0.73_T202_M1406717436_V1_S28-AI-Suggest-Opt-40-backtest_report.gif', 'PX3.71_EURCHF_M30_1500_P-1467_DD3033_20220926-20250924_SL3100_WR55.94_PF0.73_T202_M1406717436_V1_S28-AI-Suggest-Opt-40'
'Before', '629', '149', 'test_metrics', '104', 'input_html', 'PX3.71_EURCHF_M30_1500_P-1467_DD3033_20220926-20250924_SL3100_WR55.94_PF0.73_T202_M1406717436_V1_S28-AI-Suggest-Opt-40-backtest_report.htm', 'PX3.71_EURCHF_M30_1500_P-1467_DD3033_20220926-20250924_SL3100_WR55.94_PF0.73_T202_M1406717436_V1_S28-AI-Suggest-Opt-40'
'After', '629', '149', 'test_metrics', '104', 'input_html', 'PX3.71_EURCHF_M30_1500_P-1467_DD3033_20220926-20250924_SL3100_WR55.94_PF0.73_T202_M1406717436_V1_S28-AI-Suggest-Opt-40-backtest_report.htm', 'PX3.71_EURCHF_M30_1500_P-1467_DD3033_20220926-20250924_SL3100_WR55.94_PF0.73_T202_M1406717436_V1_S28-AI-Suggest-Opt-40'
'Before', '630', '149', 'test_metrics', '104', 'input_set', 'PX3.71_EURCHF_M30_1500_P-1467_DD3033_20220926-20250924_SL3100_WR55.94_PF0.73_T202_M1406717436_V1_S28-AI-Suggest-Opt-40.set', 'PX3.71_EURCHF_M30_1500_P-1467_DD3033_20220926-20250924_SL3100_WR55.94_PF0.73_T202_M1406717436_V1_S28-AI-Suggest-Opt-40'
'After', '630', '149', 'test_metrics', '104', 'input_set', 'PX3.71_EURCHF_M30_1500_P-1467_DD3033_20220926-20250924_SL3100_WR55.94_PF0.73_T202_M1406717436_V1_S28-AI-Suggest-Opt-40.set', 'PX3.71_EURCHF_M30_1500_P-1467_DD3033_20220926-20250924_SL3100_WR55.94_PF0.73_T202_M1406717436_V1_S28-AI-Suggest-Opt-40'
'Before', '636', '149', NULL, NULL, 'Best Pass set_file', 'PX3.71_EURCHF_M30_1500_P-1467_DD3033_20220926-20250924_SL3100_WR55.94_PF0.73_T202_M1406717436_V1_S28-AI-Suggest-Opt-40.set', 'PX3.71_EURCHF_M30_1500_P-1467_DD3033_20220926-20250924_SL3100_WR55.94_PF0.73_T202_M1406717436_V1_S28-AI-Suggest-Opt-40.set'
'After', '636', '149', 'test_metrics', '104', 'Best Pass set_file', 'PX3.71_EURCHF_M30_1500_P-1467_DD3033_20220926-20250924_SL3100_WR55.94_PF0.73_T202_M1406717436_V1_S28-AI-Suggest-Opt-40.set', 'PX3.71_EURCHF_M30_1500_P-1467_DD3033_20220926-20250924_SL3100_WR55.94_PF0.73_T202_M1406717436_V1_S28-AI-Suggest-Opt-40.set'
'Before', '619', '149', 'test_metrics', '103', 'output_set', 'PX3.71_EURCHF_M30_1500_P-1467_DD3033_20220926-20250924_SL3100_WR55.94_PF0.73_T202_M1406717436_V1_S28.set', 'PX3.71_EURCHF_M30_1500_P-1467_DD3033_20220926-20250924_SL3100_WR55.94_PF0.73_T202_M1406717436_V1_S28'
'Before', '620', '149', 'test_metrics', '103', 'summary_metrics_csv', 'PX3.71_EURCHF_M30_1500_P-1467_DD3033_20220926-20250924_SL3100_WR55.94_PF0.73_T202_M1406717436_V1_S28_summary_metrics.csv', 'PX3.71_EURCHF_M30_1500_P-1467_DD3033_20220926-20250924_SL3100_WR55.94_PF0.73_T202_M1406717436_V1_S28'
'Before', '621', '149', 'test_metrics', '103', 'output_html', 'PX3.71_EURCHF_M30_1500_P-1467_DD3033_20220926-20250924_SL3100_WR55.94_PF0.73_T202_M1406717436_V1_S28.htm', 'PX3.71_EURCHF_M30_1500_P-1467_DD3033_20220926-20250924_SL3100_WR55.94_PF0.73_T202_M1406717436_V1_S28'
'Before', '622', '149', 'test_metrics', '103', 'output_gif', 'PX3.71_EURCHF_M30_1500_P-1467_DD3033_20220926-20250924_SL3100_WR55.94_PF0.73_T202_M1406717436_V1_S28.gif', 'PX3.71_EURCHF_M30_1500_P-1467_DD3033_20220926-20250924_SL3100_WR55.94_PF0.73_T202_M1406717436_V1_S28'
'Before', '623', '149', 'test_metrics', '103', 'ai_set', 'PX3.71_EURCHF_M30_1500_P-1467_DD3033_20220926-20250924_SL3100_WR55.94_PF0.73_T202_M1406717436_V1_S28-AI-Suggest-Opt.set', 'PX3.71_EURCHF_M30_1500_P-1467_DD3033_20220926-20250924_SL3100_WR55.94_PF0.73_T202_M1406717436_V1_S28'
'Before', '624', '149', 'test_metrics', '103', 'ai_json', 'PX3.71_EURCHF_M30_1500_P-1467_DD3033_20220926-20250924_SL3100_WR55.94_PF0.73_T202_M1406717436_V1_S28-AI-Suggestion.json', 'PX3.71_EURCHF_M30_1500_P-1467_DD3033_20220926-20250924_SL3100_WR55.94_PF0.73_T202_M1406717436_V1_S28'
'Before', '625', '149', 'test_metrics', '103', 'ai_prompt', 'PX3.71_EURCHF_M30_1500_P-1467_DD3033_20220926-20250924_SL3100_WR55.94_PF0.73_T202_M1406717436_V1_S28-AI-Suggestion.prompt.txt', 'PX3.71_EURCHF_M30_1500_P-1467_DD3033_20220926-20250924_SL3100_WR55.94_PF0.73_T202_M1406717436_V1_S28'
'Before', '626', '149', NULL, NULL, 'Optimzation set_file', 'PX3.71_EURCHF_M30_1500_P-1467_DD3033_20220926-20250924_SL3100_WR55.94_PF0.73_T202_M1406717436_V1_S28-AI-Suggest-Opt.set', 'PX3.71_EURCHF_M30_1500_P-1467_DD3033_20220926-20250924_SL3100_WR55.94_PF0.73_T202_M1406717436_V1_S28'
'Before', '627', '149', 'optimization_reports', '8', 'optimization_report', 'PX3.71_EURCHF_M30_1500_P-1467_DD3033_20220926-20250924_SL3100_WR55.94_PF0.73_T202_M1406717436_V1_S28-AI-Suggest-Opt-OptimizationReport.htm', 'PX3.71_EURCHF_M30_1500_P-1467_DD3033_20220926-20250924_SL3100_WR55.94_PF0.73_T202_M1406717436_V1_S28'
'Before', '628', '149', 'optimization_reports', '8', 'optimization_report_gif', 'PX3.71_EURCHF_M30_1500_P-1467_DD3033_20220926-20250924_SL3100_WR55.94_PF0.73_T202_M1406717436_V1_S28-AI-Suggest-Opt-OptimizationReport.gif', 'PX3.71_EURCHF_M30_1500_P-1467_DD3033_20220926-20250924_SL3100_WR55.94_PF0.73_T202_M1406717436_V1_S28'
'After', '619', '149', 'test_metrics', '103', 'output_set', 'PX3.71_EURCHF_M30_1500_P-1467_DD3033_20220926-20250924_SL3100_WR55.94_PF0.73_T202_M1406717436_V1_S28.set', 'PX3.71_EURCHF_M30_1500_P-1467_DD3033_20220926-20250924_SL3100_WR55.94_PF0.73_T202_M1406717436_V1_S28'
'After', '620', '149', 'test_metrics', '103', 'summary_metrics_csv', 'PX3.71_EURCHF_M30_1500_P-1467_DD3033_20220926-20250924_SL3100_WR55.94_PF0.73_T202_M1406717436_V1_S28_summary_metrics.csv', 'PX3.71_EURCHF_M30_1500_P-1467_DD3033_20220926-20250924_SL3100_WR55.94_PF0.73_T202_M1406717436_V1_S28'
'After', '621', '149', 'test_metrics', '103', 'output_html', 'PX3.71_EURCHF_M30_1500_P-1467_DD3033_20220926-20250924_SL3100_WR55.94_PF0.73_T202_M1406717436_V1_S28.htm', 'PX3.71_EURCHF_M30_1500_P-1467_DD3033_20220926-20250924_SL3100_WR55.94_PF0.73_T202_M1406717436_V1_S28'
'After', '622', '149', 'test_metrics', '103', 'output_gif', 'PX3.71_EURCHF_M30_1500_P-1467_DD3033_20220926-20250924_SL3100_WR55.94_PF0.73_T202_M1406717436_V1_S28.gif', 'PX3.71_EURCHF_M30_1500_P-1467_DD3033_20220926-20250924_SL3100_WR55.94_PF0.73_T202_M1406717436_V1_S28'
'After', '623', '149', 'test_metrics', '103', 'ai_set', 'PX3.71_EURCHF_M30_1500_P-1467_DD3033_20220926-20250924_SL3100_WR55.94_PF0.73_T202_M1406717436_V1_S28-AI-Suggest-Opt.set', 'PX3.71_EURCHF_M30_1500_P-1467_DD3033_20220926-20250924_SL3100_WR55.94_PF0.73_T202_M1406717436_V1_S28'
'After', '624', '149', 'test_metrics', '103', 'ai_json', 'PX3.71_EURCHF_M30_1500_P-1467_DD3033_20220926-20250924_SL3100_WR55.94_PF0.73_T202_M1406717436_V1_S28-AI-Suggestion.json', 'PX3.71_EURCHF_M30_1500_P-1467_DD3033_20220926-20250924_SL3100_WR55.94_PF0.73_T202_M1406717436_V1_S28'
'After', '625', '149', 'test_metrics', '103', 'ai_prompt', 'PX3.71_EURCHF_M30_1500_P-1467_DD3033_20220926-20250924_SL3100_WR55.94_PF0.73_T202_M1406717436_V1_S28-AI-Suggestion.prompt.txt', 'PX3.71_EURCHF_M30_1500_P-1467_DD3033_20220926-20250924_SL3100_WR55.94_PF0.73_T202_M1406717436_V1_S28'
'After', '626', '149', 'test_metrics', '103', 'Optimzation set_file', 'PX3.71_EURCHF_M30_1500_P-1467_DD3033_20220926-20250924_SL3100_WR55.94_PF0.73_T202_M1406717436_V1_S28-AI-Suggest-Opt.set', 'PX3.71_EURCHF_M30_1500_P-1467_DD3033_20220926-20250924_SL3100_WR55.94_PF0.73_T202_M1406717436_V1_S28'
'After', '627', '149', 'test_metrics', '103', 'optimization_report', 'PX3.71_EURCHF_M30_1500_P-1467_DD3033_20220926-20250924_SL3100_WR55.94_PF0.73_T202_M1406717436_V1_S28-AI-Suggest-Opt-OptimizationReport.htm', 'PX3.71_EURCHF_M30_1500_P-1467_DD3033_20220926-20250924_SL3100_WR55.94_PF0.73_T202_M1406717436_V1_S28'
'After', '628', '149', 'test_metrics', '103', 'optimization_report_gif', 'PX3.71_EURCHF_M30_1500_P-1467_DD3033_20220926-20250924_SL3100_WR55.94_PF0.73_T202_M1406717436_V1_S28-AI-Suggest-Opt-OptimizationReport.gif', 'PX3.71_EURCHF_M30_1500_P-1467_DD3033_20220926-20250924_SL3100_WR55.94_PF0.73_T202_M1406717436_V1_S28'
'Before', '618', '149', 'test_metrics', '103', 'input_gif', 'PX3.71_EURCHF_M30_1500_P5382_DD1317_20220908-20250908_SL1400_WR54.26_PF1.89_T798_M1742216961_V1_S72-backtest_report.gif', 'PX3.71_EURCHF_M30_1500_P5382_DD1317_20220908-20250908_SL1400_WR54.26_PF1.89_T798_M1742216961_V1_S72'
'After', '618', '149', 'test_metrics', '103', 'input_gif', 'PX3.71_EURCHF_M30_1500_P5382_DD1317_20220908-20250908_SL1400_WR54.26_PF1.89_T798_M1742216961_V1_S72-backtest_report.gif', 'PX3.71_EURCHF_M30_1500_P5382_DD1317_20220908-20250908_SL1400_WR54.26_PF1.89_T798_M1742216961_V1_S72'
'Before', '616', '149', 'test_metrics', '103', 'input_html', 'PX3.71_EURCHF_M30_1500_P5382_DD1317_20220908-20250908_SL1400_WR54.26_PF1.89_T798_M1742216961_V1_S72-backtest_report.htm', 'PX3.71_EURCHF_M30_1500_P5382_DD1317_20220908-20250908_SL1400_WR54.26_PF1.89_T798_M1742216961_V1_S72'
'After', '616', '149', 'test_metrics', '103', 'input_html', 'PX3.71_EURCHF_M30_1500_P5382_DD1317_20220908-20250908_SL1400_WR54.26_PF1.89_T798_M1742216961_V1_S72-backtest_report.htm', 'PX3.71_EURCHF_M30_1500_P5382_DD1317_20220908-20250908_SL1400_WR54.26_PF1.89_T798_M1742216961_V1_S72'
'Before', '617', '149', 'test_metrics', '103', 'input_set', 'PX3.71_EURCHF_M30_1500_P5382_DD1317_20220908-20250908_SL1400_WR54.26_PF1.89_T798_M1742216961_V1_S72.set', 'PX3.71_EURCHF_M30_1500_P5382_DD1317_20220908-20250908_SL1400_WR54.26_PF1.89_T798_M1742216961_V1_S72'
'After', '617', '149', 'test_metrics', '103', 'input_set', 'PX3.71_EURCHF_M30_1500_P5382_DD1317_20220908-20250908_SL1400_WR54.26_PF1.89_T798_M1742216961_V1_S72.set', 'PX3.71_EURCHF_M30_1500_P5382_DD1317_20220908-20250908_SL1400_WR54.26_PF1.89_T798_M1742216961_V1_S72'
'Before', '615', '149', NULL, NULL, 'set_file', 'PX3.71_EURCHF_M30_1500_P5382_DD1317_20220908-20250908_SL1400_WR54.26_PF1.89_T798_M1742216961_V1_S72.set', 'PX3.71_EURCHF_M30_1500_P5382_DD1317_20220908-20250908_SL1400_WR54.26_PF1.89_T798_M1742216961_V1_S72.set'
'After', '615', '149', 'test_metrics', '103', 'set_file', 'PX3.71_EURCHF_M30_1500_P5382_DD1317_20220908-20250908_SL1400_WR54.26_PF1.89_T798_M1742216961_V1_S72.set', 'PX3.71_EURCHF_M30_1500_P5382_DD1317_20220908-20250908_SL1400_WR54.26_PF1.89_T798_M1742216961_V1_S72.set'
